{"colsample_bytree": 0.40586236199810294, "learning_rate": 0.021866626528544618, "max_depth": 14, "min_child_weight": 12.016769826387396, "n_estimators": 924, "subsample": 0.7710316055998524}